Date,Time,Platforms,Content,Image URL,Button,Button Link
2026-07-13,09:00,Google Business Profile; Facebook; Instagram,"Concrete Driveways in Lakewood Ranch, FL. We install a poured concrete driveway engineered for Florida heat and shifting soil — by the same crew from start to finish. Fully insured, free written estimates across Manatee & Sarasota. Call or text (941) 352-4308.",https://lakewoodranchconcretefl.com/images/posts/post-4-concrete-pavers.jpg,Learn more,https://lakewoodranchconcretefl.com/concrete-driveways/lakewood-ranch/
2026-07-15,09:00,Google Business Profile; Facebook; Instagram,"Get a FREE, written estimate on your concrete patios in Bradenton within 24 hours. No pressure, fully insured, and the same crew builds exactly what they quote. Call or text (941) 352-4308.",https://lakewoodranchconcretefl.com/images/posts/post-4-concrete-pavers.jpg,Call now,tel:+19413524308
2026-07-17,09:00,Google Business Profile; Facebook; Instagram,"Sarasota homeowners: most cracked concrete and settled pavers trace back to a rushed base. Our concrete pool decks in Sarasota start with excavation, clean fill and a compacted base — the prep that prevents the crack. Free estimate: (941) 352-4308.",https://lakewoodranchconcretefl.com/images/posts/post-3-pool-decks.jpg,Learn more,https://lakewoodranchconcretefl.com/concrete-pool-decks/sarasota/
2026-07-20,09:00,Google Business Profile; Facebook; Instagram,"Just finished a stamped concrete in Parrish, FL. Stamped concrete that reads like stone and clears HOA/ARC review — done right the first time. Want yours next? Free estimates, fully insured. (941) 352-4308.",https://lakewoodranchconcretefl.com/images/posts/post-4-concrete-pavers.jpg,Learn more,https://lakewoodranchconcretefl.com/stamped-concrete/parrish/
2026-07-22,09:00,Google Business Profile; Facebook; Instagram,"Thinking about a concrete slabs for your Palmetto home? We install both concrete and pavers and help you pick what fits your budget, HOA and style. Free estimate in Palmetto: (941) 352-4308.",https://lakewoodranchconcretefl.com/images/posts/post-4-concrete-pavers.jpg,Learn more,https://lakewoodranchconcretefl.com/concrete-slabs/palmetto/
2026-07-24,09:00,Google Business Profile; Facebook; Instagram,"Concrete Resurfacing &amp; Repair in Venice, FL. We install resurfacing that renews worn concrete without a full tear-out — by the same crew from start to finish. Fully insured, free written estimates across Manatee & Sarasota. Call or text (941) 352-4308.",https://lakewoodranchconcretefl.com/images/posts/post-3-pool-decks.jpg,Learn more,https://lakewoodranchconcretefl.com/concrete-resurfacing/venice/
2026-07-27,09:00,Google Business Profile; Facebook; Instagram,"Get a FREE, written estimate on your paver driveways in Ellenton within 24 hours. No pressure, fully insured, and the same crew builds exactly what they quote. Call or text (941) 352-4308.",https://lakewoodranchconcretefl.com/images/posts/post-1-paver-driveways.jpg,Call now,tel:+19413524308
2026-07-29,09:00,Google Business Profile; Facebook; Instagram,"North Port homeowners: most cracked concrete and settled pavers trace back to a rushed base. Our paver patios in North Port start with excavation, clean fill and a compacted base — the prep that prevents the crack. Free estimate: (941) 352-4308.",https://lakewoodranchconcretefl.com/images/posts/post-2-paver-patios.jpg,Learn more,https://lakewoodranchconcretefl.com/paver-patios-walkways/north-port/
2026-07-31,09:00,Google Business Profile; Facebook; Instagram,"Just finished a pool deck pavers in Riverview, FL. A travertine or paver pool deck, cool underfoot and sealed — done right the first time. Want yours next? Free estimates, fully insured. (941) 352-4308.",https://lakewoodranchconcretefl.com/images/posts/post-3-pool-decks.jpg,Learn more,https://lakewoodranchconcretefl.com/pool-deck-pavers/riverview/
2026-08-03,09:00,Google Business Profile; Facebook; Instagram,"Thinking about a paver sealing for your Sun City Center home? We install both concrete and pavers and help you pick what fits your budget, HOA and style. Free estimate in Sun City Center: (941) 352-4308.",https://lakewoodranchconcretefl.com/images/posts/post-2-paver-patios.jpg,Learn more,https://lakewoodranchconcretefl.com/paver-sealing/sun-city-center/
2026-08-05,09:00,Google Business Profile; Facebook; Instagram,"Concrete Driveways in Tampa, FL. We install a poured concrete driveway engineered for Florida heat and shifting soil — by the same crew from start to finish. Fully insured, free written estimates across Manatee & Sarasota. Call or text (941) 352-4308.",https://lakewoodranchconcretefl.com/images/posts/post-4-concrete-pavers.jpg,Learn more,https://lakewoodranchconcretefl.com/concrete-driveways/tampa/
2026-08-07,09:00,Google Business Profile; Facebook; Instagram,"Get a FREE, written estimate on your concrete patios in Brandon within 24 hours. No pressure, fully insured, and the same crew builds exactly what they quote. Call or text (941) 352-4308.",https://lakewoodranchconcretefl.com/images/posts/post-4-concrete-pavers.jpg,Call now,tel:+19413524308
2026-08-10,09:00,Google Business Profile; Facebook; Instagram,"Lakewood Ranch homeowners: most cracked concrete and settled pavers trace back to a rushed base. Our concrete pool decks in Lakewood Ranch start with excavation, clean fill and a compacted base — the prep that prevents the crack. Free estimate: (941) 352-4308.",https://lakewoodranchconcretefl.com/images/posts/post-3-pool-decks.jpg,Learn more,https://lakewoodranchconcretefl.com/concrete-pool-decks/lakewood-ranch/
2026-08-12,09:00,Google Business Profile; Facebook; Instagram,"Just finished a stamped concrete in Bradenton, FL. Stamped concrete that reads like stone and clears HOA/ARC review — done right the first time. Want yours next? Free estimates, fully insured. (941) 352-4308.",https://lakewoodranchconcretefl.com/images/posts/post-4-concrete-pavers.jpg,Learn more,https://lakewoodranchconcretefl.com/stamped-concrete/bradenton/
2026-08-14,09:00,Google Business Profile; Facebook; Instagram,"Thinking about a concrete slabs for your Sarasota home? We install both concrete and pavers and help you pick what fits your budget, HOA and style. Free estimate in Sarasota: (941) 352-4308.",https://lakewoodranchconcretefl.com/images/posts/post-4-concrete-pavers.jpg,Learn more,https://lakewoodranchconcretefl.com/concrete-slabs/sarasota/
2026-08-17,09:00,Google Business Profile; Facebook; Instagram,"Concrete Resurfacing &amp; Repair in Parrish, FL. We install resurfacing that renews worn concrete without a full tear-out — by the same crew from start to finish. Fully insured, free written estimates across Manatee & Sarasota. Call or text (941) 352-4308.",https://lakewoodranchconcretefl.com/images/posts/post-3-pool-decks.jpg,Learn more,https://lakewoodranchconcretefl.com/concrete-resurfacing/parrish/
2026-08-19,09:00,Google Business Profile; Facebook; Instagram,"Get a FREE, written estimate on your paver driveways in Palmetto within 24 hours. No pressure, fully insured, and the same crew builds exactly what they quote. Call or text (941) 352-4308.",https://lakewoodranchconcretefl.com/images/posts/post-1-paver-driveways.jpg,Call now,tel:+19413524308
2026-08-21,09:00,Google Business Profile; Facebook; Instagram,"Venice homeowners: most cracked concrete and settled pavers trace back to a rushed base. Our paver patios in Venice start with excavation, clean fill and a compacted base — the prep that prevents the crack. Free estimate: (941) 352-4308.",https://lakewoodranchconcretefl.com/images/posts/post-2-paver-patios.jpg,Learn more,https://lakewoodranchconcretefl.com/paver-patios-walkways/venice/
2026-08-24,09:00,Google Business Profile; Facebook; Instagram,"Just finished a pool deck pavers in Ellenton, FL. A travertine or paver pool deck, cool underfoot and sealed — done right the first time. Want yours next? Free estimates, fully insured. (941) 352-4308.",https://lakewoodranchconcretefl.com/images/posts/post-3-pool-decks.jpg,Learn more,https://lakewoodranchconcretefl.com/pool-deck-pavers/ellenton/
2026-08-26,09:00,Google Business Profile; Facebook; Instagram,"Thinking about a paver sealing for your North Port home? We install both concrete and pavers and help you pick what fits your budget, HOA and style. Free estimate in North Port: (941) 352-4308.",https://lakewoodranchconcretefl.com/images/posts/post-2-paver-patios.jpg,Learn more,https://lakewoodranchconcretefl.com/paver-sealing/north-port/
2026-08-28,09:00,Google Business Profile; Facebook; Instagram,"Concrete Driveways in Riverview, FL. We install a poured concrete driveway engineered for Florida heat and shifting soil — by the same crew from start to finish. Fully insured, free written estimates across Manatee & Sarasota. Call or text (941) 352-4308.",https://lakewoodranchconcretefl.com/images/posts/post-4-concrete-pavers.jpg,Learn more,https://lakewoodranchconcretefl.com/concrete-driveways/riverview/
2026-08-31,09:00,Google Business Profile; Facebook; Instagram,"Get a FREE, written estimate on your concrete patios in Sun City Center within 24 hours. No pressure, fully insured, and the same crew builds exactly what they quote. Call or text (941) 352-4308.",https://lakewoodranchconcretefl.com/images/posts/post-4-concrete-pavers.jpg,Call now,tel:+19413524308
2026-09-02,09:00,Google Business Profile; Facebook; Instagram,"Tampa homeowners: most cracked concrete and settled pavers trace back to a rushed base. Our concrete pool decks in Tampa start with excavation, clean fill and a compacted base — the prep that prevents the crack. Free estimate: (941) 352-4308.",https://lakewoodranchconcretefl.com/images/posts/post-3-pool-decks.jpg,Learn more,https://lakewoodranchconcretefl.com/concrete-pool-decks/tampa/
2026-09-04,09:00,Google Business Profile; Facebook; Instagram,"Just finished a stamped concrete in Brandon, FL. Stamped concrete that reads like stone and clears HOA/ARC review — done right the first time. Want yours next? Free estimates, fully insured. (941) 352-4308.",https://lakewoodranchconcretefl.com/images/posts/post-4-concrete-pavers.jpg,Learn more,https://lakewoodranchconcretefl.com/stamped-concrete/brandon/
2026-09-07,09:00,Google Business Profile; Facebook; Instagram,"Thinking about a concrete slabs for your Lakewood Ranch home? We install both concrete and pavers and help you pick what fits your budget, HOA and style. Free estimate in Lakewood Ranch: (941) 352-4308.",https://lakewoodranchconcretefl.com/images/posts/post-4-concrete-pavers.jpg,Learn more,https://lakewoodranchconcretefl.com/concrete-slabs/lakewood-ranch/
2026-09-09,09:00,Google Business Profile; Facebook; Instagram,"Concrete Resurfacing &amp; Repair in Bradenton, FL. We install resurfacing that renews worn concrete without a full tear-out — by the same crew from start to finish. Fully insured, free written estimates across Manatee & Sarasota. Call or text (941) 352-4308.",https://lakewoodranchconcretefl.com/images/posts/post-3-pool-decks.jpg,Learn more,https://lakewoodranchconcretefl.com/concrete-resurfacing/bradenton/
2026-09-11,09:00,Google Business Profile; Facebook; Instagram,"Get a FREE, written estimate on your paver driveways in Sarasota within 24 hours. No pressure, fully insured, and the same crew builds exactly what they quote. Call or text (941) 352-4308.",https://lakewoodranchconcretefl.com/images/posts/post-1-paver-driveways.jpg,Call now,tel:+19413524308
2026-09-14,09:00,Google Business Profile; Facebook; Instagram,"Parrish homeowners: most cracked concrete and settled pavers trace back to a rushed base. Our paver patios in Parrish start with excavation, clean fill and a compacted base — the prep that prevents the crack. Free estimate: (941) 352-4308.",https://lakewoodranchconcretefl.com/images/posts/post-2-paver-patios.jpg,Learn more,https://lakewoodranchconcretefl.com/paver-patios-walkways/parrish/
2026-09-16,09:00,Google Business Profile; Facebook; Instagram,"Just finished a pool deck pavers in Palmetto, FL. A travertine or paver pool deck, cool underfoot and sealed — done right the first time. Want yours next? Free estimates, fully insured. (941) 352-4308.",https://lakewoodranchconcretefl.com/images/posts/post-3-pool-decks.jpg,Learn more,https://lakewoodranchconcretefl.com/pool-deck-pavers/palmetto/
2026-09-18,09:00,Google Business Profile; Facebook; Instagram,"Thinking about a paver sealing for your Venice home? We install both concrete and pavers and help you pick what fits your budget, HOA and style. Free estimate in Venice: (941) 352-4308.",https://lakewoodranchconcretefl.com/images/posts/post-2-paver-patios.jpg,Learn more,https://lakewoodranchconcretefl.com/paver-sealing/venice/
2026-09-21,09:00,Google Business Profile; Facebook; Instagram,"Concrete Driveways in Ellenton, FL. We install a poured concrete driveway engineered for Florida heat and shifting soil — by the same crew from start to finish. Fully insured, free written estimates across Manatee & Sarasota. Call or text (941) 352-4308.",https://lakewoodranchconcretefl.com/images/posts/post-4-concrete-pavers.jpg,Learn more,https://lakewoodranchconcretefl.com/concrete-driveways/ellenton/
2026-09-23,09:00,Google Business Profile; Facebook; Instagram,"Get a FREE, written estimate on your concrete patios in North Port within 24 hours. No pressure, fully insured, and the same crew builds exactly what they quote. Call or text (941) 352-4308.",https://lakewoodranchconcretefl.com/images/posts/post-4-concrete-pavers.jpg,Call now,tel:+19413524308
2026-09-25,09:00,Google Business Profile; Facebook; Instagram,"Riverview homeowners: most cracked concrete and settled pavers trace back to a rushed base. Our concrete pool decks in Riverview start with excavation, clean fill and a compacted base — the prep that prevents the crack. Free estimate: (941) 352-4308.",https://lakewoodranchconcretefl.com/images/posts/post-3-pool-decks.jpg,Learn more,https://lakewoodranchconcretefl.com/concrete-pool-decks/riverview/
2026-09-28,09:00,Google Business Profile; Facebook; Instagram,"Just finished a stamped concrete in Sun City Center, FL. Stamped concrete that reads like stone and clears HOA/ARC review — done right the first time. Want yours next? Free estimates, fully insured. (941) 352-4308.",https://lakewoodranchconcretefl.com/images/posts/post-4-concrete-pavers.jpg,Learn more,https://lakewoodranchconcretefl.com/stamped-concrete/sun-city-center/
2026-09-30,09:00,Google Business Profile; Facebook; Instagram,"Thinking about a concrete slabs for your Tampa home? We install both concrete and pavers and help you pick what fits your budget, HOA and style. Free estimate in Tampa: (941) 352-4308.",https://lakewoodranchconcretefl.com/images/posts/post-4-concrete-pavers.jpg,Learn more,https://lakewoodranchconcretefl.com/concrete-slabs/tampa/
2026-10-02,09:00,Google Business Profile; Facebook; Instagram,"Concrete Resurfacing &amp; Repair in Brandon, FL. We install resurfacing that renews worn concrete without a full tear-out — by the same crew from start to finish. Fully insured, free written estimates across Manatee & Sarasota. Call or text (941) 352-4308.",https://lakewoodranchconcretefl.com/images/posts/post-3-pool-decks.jpg,Learn more,https://lakewoodranchconcretefl.com/concrete-resurfacing/brandon/
